hospital;area;unidade_origem;atividade;codigo;versao;data;classe;arquivo;paginas;paginas_mencao_fluxo;fonte;pagina_origem;sha256;observacao
HC-UFTM;Compras e Licitações;SCONT;Análise da Qualificação Econômico- Financeira das Empresas Licitantes;POP.HC-UFTM-SCONT.004;3;13/06/2025;Interface de outra unidade;HC-UFTM/05_Interfaces/POP_HC-UFTM-SCONT_004_analise_da_qualificacao_economico_financeira_das_empresas_licitan_2025.pdf;11;[7, 9];https://www.gov.br/hubrasil/pt-br/hospitais-universitarios/regiao-sudeste/hc-uftm/documentos/procedimentos-e-rotinas-operacionais-padrao/pops/POP.HCUFTMSCONT.004AnalisedaQualificacaoEcononicoFinanceiradasEmpresasLicitantesversao3.pdf;https://www.gov.br/hubrasil/pt-br/hospitais-universitarios/regiao-sudeste/hc-uftm/documentos/procedimentos-e-rotinas-operacionais-padrao/pops;5372cefa7196176f32b062dc1afed7dcc1700a1a72fb66bb7cde92b8d32eb88a;Data de emissão conferida no PDF.
HC-UFTM;Compras e Licitações;UPDE;Planejamento para Contratações Diretas por Adesão;POP.HC-UFTM-UPDE.001;1;26/01/2026;Interface de outra unidade;HC-UFTM/05_Interfaces/POP_HC-UFTM-UPDE_001_planejamento_para_contratacoes_diretas_por_adesao_2026.pdf;23;[20];https://www.gov.br/hubrasil/pt-br/hospitais-universitarios/regiao-sudeste/hc-uftm/documentos/procedimentos-e-rotinas-operacionais-padrao/pops/POP.HCUFTMUPDE.001PlanejamentoparaContratacoesDiretasporAdesao.pdf;https://www.gov.br/hubrasil/pt-br/hospitais-universitarios/regiao-sudeste/hc-uftm/documentos/procedimentos-e-rotinas-operacionais-padrao/pops;65a212142aab497a2ba581f4cd97d10a1b1237de633cf2ae8a38271725e1f53c;Data de emissão conferida no PDF.
HC-UFTM;Contratos;SCONT;Garantias Contratuais;POP.HC-UFTM-SCONT.001;5;08/04/2025;Interface de outra unidade;HC-UFTM/05_Interfaces/POP_HC-UFTM-SCONT_001_garantias_contratuais_2025.pdf;19;[16];https://www.gov.br/hubrasil/pt-br/hospitais-universitarios/regiao-sudeste/hc-uftm/documentos/procedimentos-e-rotinas-operacionais-padrao/pops/POP.HCUFTMSCONT.001Garantias_Contratuais_versao_5.pdf;https://www.gov.br/hubrasil/pt-br/hospitais-universitarios/regiao-sudeste/hc-uftm/documentos/procedimentos-e-rotinas-operacionais-padrao/pops;ee3ee272f28cfc73fb056186b5e08e07264f18ef027b394c9fe11f2cd96821b8;Data de emissão conferida no PDF.
HC-UFTM;Contratos;SCONT;Registro de Contratos no Sistema Integrado de Administração Financeira do Governo Federal;POP.HC-UFTM-SCONT.003;3;29/05/2025;Interface de outra unidade;HC-UFTM/05_Interfaces/POP_HC-UFTM-SCONT_003_registro_de_contratos_no_sistema_integrado_de_administracao_finan_2025.pdf;17;[16];https://www.gov.br/hubrasil/pt-br/hospitais-universitarios/regiao-sudeste/hc-uftm/documentos/procedimentos-e-rotinas-operacionais-padrao/pops/POP.HCUFTMSCONT.003RegistrodeContratosnoSistemaIntegradodeAdministracaoFinanceiradoGovernoFederalversao3.pdf;https://www.gov.br/hubrasil/pt-br/hospitais-universitarios/regiao-sudeste/hc-uftm/documentos/procedimentos-e-rotinas-operacionais-padrao/pops/POP.HCUFTMSCONT.003RegistrodeContratosnoSistemaIntegradodeAdministracaoFinanceiradoGovernoFederalversao3.pdf;e7d2e870e3084368da75180ec940546def57a9151dec5ec0b70424461ddbadde;Data de emissão conferida no PDF.
HC-UFTM;Patrimônio;SCONT;Fluxo do Envio de Relatórios de Movimentação de Almoxarifado e de Bens Móveis Conciliados à Administração Central da Rede HU Brasil;POP.HC-UFTM-SCONT.008;3;28/05/2026;Interface de outra unidade;HC-UFTM/05_Interfaces/POP_HC-UFTM-SCONT_008_fluxo_do_envio_de_relatorios_de_movimentacao_de_almoxarifado_e_de_2026.pdf;13;[1, 2, 3, 4, 5, 6, 7, 8, 9, 10, 11, 12, 13];https://www.gov.br/hubrasil/pt-br/hospitais-universitarios/regiao-sudeste/hc-uftm/documentos/procedimentos-e-rotinas-operacionais-padrao/pops/POP.HCUFTMSCONT.008FluxodoEnviodeRelatoriosdeMovimentacaodeAlmoxarifadoedeBensMoveisConciliadosaAdministracoCentraldaRedeHUBrasilversao3.pdf;https://www.gov.br/hubrasil/pt-br/hospitais-universitarios/regiao-sudeste/hc-uftm/documentos/procedimentos-e-rotinas-operacionais-padrao/pops;fe0aa55ba59167c6fc92214492663e97681d3f1ee7f6619b6be75bd6654f6e49;Data de emissão conferida no PDF.
HC-UFTM;Patrimônio;UAMB;Fluxo para Solicitação de Conserto de Móveis e Equipamentos ou Baixa Patrimonial de Equipamentos e Móveis em Desuso na Unidade de Ambulatório;POP.HC-UFTM-UAMB.025;4;02/06/2026;Interface de outra unidade;HC-UFTM/05_Interfaces/POP_HC-UFTM-UAMB_025_fluxo_para_solicitacao_de_conserto_de_moveis_e_equipamentos_ou_ba_2026.pdf;8;[1, 2, 3, 4, 5, 6, 7, 8];https://www.gov.br/hubrasil/pt-br/hospitais-universitarios/regiao-sudeste/hc-uftm/documentos/procedimentos-e-rotinas-operacionais-padrao/pops/POP.HCUFTMUAMB.025FluxoparaSolicitacaodeConsertodeMoveiseEquipamentosouBaixaPatrimonialdeEquipamentoseMoveisemDesusonaUnidadedeAmbulatorioversao4.pdf;https://www.gov.br/hubrasil/pt-br/hospitais-universitarios/regiao-sudeste/hc-uftm/documentos/procedimentos-e-rotinas-operacionais-padrao/pops;f617e0fa7ead3005a8b67e78477637feb5ca5dd1648be7dbac395a9405b8bd50;Data de emissão conferida no PDF.
HC-UFTM;Compras e Licitações;UCL;Publicação de Aviso de Licitação;POP.HC-UFTM-UCL.001;2;06/05/2025;Núcleo das quatro unidades;HC-UFTM/02_Compras_Licitacoes/POP_HC-UFTM-UCL_001_publicacao_de_aviso_de_licitacao_2025.pdf;25;[];https://www.gov.br/hubrasil/pt-br/hospitais-universitarios/regiao-sudeste/hc-uftm/documentos/procedimentos-e-rotinas-operacionais-padrao/pops/POP.HCUFTMUCL.001Publicacao_de_Aviso_de_Licitacaoversao2.pdf;https://www.gov.br/hubrasil/pt-br/hospitais-universitarios/regiao-sudeste/hc-uftm/documentos/procedimentos-e-rotinas-operacionais-padrao/pops;d5b27e22e6e3ea35cb2ce7cb5b80b9bd444620c9606d23529b7004ccfee7faca;Data de emissão conferida no PDF.
HC-UFTM;Compras e Licitações;UCL;Confecção de Editais de Pregão Eletrônico, Tradicional e/ou pelo Sistema de Registro de Preços;POP.HC-UFTM-UCL.002;2;29/12/2025;Núcleo das quatro unidades;HC-UFTM/02_Compras_Licitacoes/POP_HC-UFTM-UCL_002_confeccao_de_editais_de_pregao_eletronico_tradicional_e_ou_pelo_s_2025.pdf;15;[];https://www.gov.br/hubrasil/pt-br/hospitais-universitarios/regiao-sudeste/hc-uftm/documentos/procedimentos-e-rotinas-operacionais-padrao/pops/pop-hc-uftm-ucl-002-confeccao-de-editais-de-pregao-eletronico-tradicional-e-ou-pelo-sistema-de-registro-de-precos-versao-2.pdf;https://www.gov.br/hubrasil/pt-br/hospitais-universitarios/regiao-sudeste/hc-uftm/documentos/procedimentos-e-rotinas-operacionais-padrao/pops;1304d9d419dd0f78a13b40c75406a0e74818661c4571f867a2bddc40dadd5e5f;Data de emissão conferida no PDF.
HC-UFTM;Compras e Licitações;UCL;DIVULGAÇÃO DA INTENÇÃO DE REGISTRO DE PREÇOS DOS PROCESSOS LICITATÓRIOS;POP.HC-UFTM-UCL.003;3;17/03/2026;Núcleo das quatro unidades;HC-UFTM/02_Compras_Licitacoes/POP_HC-UFTM-UCL_003_divulgacao_da_intencao_de_registro_de_precos_dos_processos_licita_2026.pdf;16;[];https://www.gov.br/hubrasil/pt-br/hospitais-universitarios/regiao-sudeste/hc-uftm/documentos/procedimentos-e-rotinas-operacionais-padrao/pops/POP.HCUFTMUCL.003DivulgacaodaIntencaodeRegistrodePrecosdosProcessosLicitatoriosversao3.pdf;https://www.gov.br/hubrasil/pt-br/hospitais-universitarios/regiao-sudeste/hc-uftm/documentos/procedimentos-e-rotinas-operacionais-padrao/pops;99f735dd2d26d83a3195526d18a8f0049da16db225dd8fe98a3fc9ff67739283;Data de emissão conferida no PDF.
HC-UFTM;Compras e Licitações;UCL;Emissão de Autorização de Fornecimento;POP.HC-UFTM-UCL.004;1;14/04/2026;Núcleo das quatro unidades;HC-UFTM/02_Compras_Licitacoes/POP_HC-UFTM-UCL_004_emissao_de_autorizacao_de_fornecimento_2026.pdf;17;[];https://www.gov.br/hubrasil/pt-br/hospitais-universitarios/regiao-sudeste/hc-uftm/documentos/procedimentos-e-rotinas-operacionais-padrao/pops/POP.HCUFTMUCL.004EmissaodeAutorizacaodeFornecimento.pdf;https://www.gov.br/hubrasil/pt-br/hospitais-universitarios/regiao-sudeste/hc-uftm/documentos/procedimentos-e-rotinas-operacionais-padrao/pops;c9f4d9c2c65ed19a8e9a836a691c6b668747cbfc4f4f47c958be0ca6dd653bd6;Data de emissão conferida no PDF.
HC-UFTM;Compras e Licitações;UCL;Contratação e Aquisição por Inexigibilidade de Licitação;POP.HC-UFTM-UCL.005;2;01/06/2026;Núcleo das quatro unidades;HC-UFTM/02_Compras_Licitacoes/POP_HC-UFTM-UCL_005_contratacao_e_aquisicao_por_inexigibilidade_de_licitacao_2026.pdf;12;[];https://www.gov.br/hubrasil/pt-br/hospitais-universitarios/regiao-sudeste/hc-uftm/documentos/procedimentos-e-rotinas-operacionais-padrao/pops/POP.HCUFTMUCL.005ContratacaoeAquisicaoporInexigibilidadedeLicitacaoversao2.pdf;https://www.gov.br/hubrasil/pt-br/hospitais-universitarios/regiao-sudeste/hc-uftm/documentos/procedimentos-e-rotinas-operacionais-padrao/pops;2144b5002cd5f99dacd61b7ee2634167a74f44cc53386e7c551f5465ec168208;Data de emissão conferida no PDF.
HC-UFTM;Contratos;UCONT;REEQUILÍBRIO DE PREÇOS EM CONTRATOS ADMINISTRATIVOS E ATAS DE REGISTRO DE PREÇOS;POP.HC-UFTM-UCONT.001;1;17/03/2026;Núcleo das quatro unidades;HC-UFTM/03_Contratos/POP_HC-UFTM-UCONT_001_reequilibrio_de_precos_em_contratos_administrativos_e_atas_de_reg_2026.pdf;10;[6];https://www.gov.br/hubrasil/pt-br/hospitais-universitarios/regiao-sudeste/hc-uftm/documentos/procedimentos-e-rotinas-operacionais-padrao/pops/POP.HCUFTMUCONT.001ReequilibriodePrecosemContratosAdministrativoseAtasdeRegistrodePrecos.pdf;https://www.gov.br/hubrasil/pt-br/hospitais-universitarios/regiao-sudeste/hc-uftm/documentos/procedimentos-e-rotinas-operacionais-padrao/pops;e1ebd7c47063b5a1fe1794eeeb981f4c26cc2cebaac71ba7d8acb48193525d35;Data de emissão conferida no PDF.
HC-UFTM;Contratos;UCONT;Formalização de Atas de Registro de Preços e Lançamento do Resultado no Sistema de Compras;POP.HC-UFTM-UCONT.002;3;18/03/2026;Núcleo das quatro unidades;HC-UFTM/03_Contratos/POP_HC-UFTM-UCONT_002_formalizacao_de_atas_de_registro_de_precos_e_lancamento_do_result_2026.pdf;8;[7];https://www.gov.br/hubrasil/pt-br/hospitais-universitarios/regiao-sudeste/hc-uftm/documentos/procedimentos-e-rotinas-operacionais-padrao/pops/POP.HCUFTMUCONT.002FormalizacaodeAtasdeRegistrodePrecoseLancamentodoResultadonoSistemadeComprasversao3.pdf;https://www.gov.br/hubrasil/pt-br/hospitais-universitarios/regiao-sudeste/hc-uftm/documentos/procedimentos-e-rotinas-operacionais-padrao/pops/POP.HCUFTMUCONT.002FormalizacaodeAtasdeRegistrodePrecoseLancamentodoResultadonoSistemadeComprasversao3.pdf;5121e5fe1092a32cc4b55b6ecd7567e96ad6f1145885a5cd381a6054187adee1;Data de emissão conferida no PDF.
HC-UFTM;Contratos;UCONT;ALTERAÇÕES QUANTITATIVAS E/OU QUALITATIVAS EM CONTRATOS ADMINISTRATIVOS;POP.HC-UFTM-UCONT.003;1;18/05/2026;Núcleo das quatro unidades;HC-UFTM/03_Contratos/POP_HC-UFTM-UCONT_003_alteracoes_quantitativas_e_ou_qualitativas_em_contratos_administr_2026.pdf;8;[];https://www.gov.br/hubrasil/pt-br/hospitais-universitarios/regiao-sudeste/hc-uftm/documentos/procedimentos-e-rotinas-operacionais-padrao/pops/POP.HCUFTMUCONT.003AlteracoesQuantitativaseouQualitativasemContratosAdministrativos.pdf;https://www.gov.br/hubrasil/pt-br/hospitais-universitarios/regiao-sudeste/hc-uftm/documentos/procedimentos-e-rotinas-operacionais-padrao/pops;85aee24cff345aad6db5070829cd753600c092f6b9620de4ddba6548a91cfc15;Data de emissão conferida no PDF.
HC-UFTM;Fiscalização de Contratos;UFAC;Repactuação de Contratos de Serviços com Dedicação Exclusiva de Mão de Obra;POP.HC-UFTM-UFAC.001;3;22/08/2025;Núcleo das quatro unidades;HC-UFTM/04_Fiscalizacao_Contratos/POP_HC-UFTM-UFAC_001_repactuacao_de_contratos_de_servicos_com_dedicacao_exclusiva_de_m_2025.pdf;11;[7, 8];https://www.gov.br/hubrasil/pt-br/hospitais-universitarios/regiao-sudeste/hc-uftm/documentos/procedimentos-e-rotinas-operacionais-padrao/pops/POP.HCUFTM.UFAC.001RepactuacaodeContratosdeServicoscomDedicacaoExclusivadeMaodeObraversao3.pdf;https://www.gov.br/hubrasil/pt-br/hospitais-universitarios/regiao-sudeste/hc-uftm/documentos/procedimentos-e-rotinas-operacionais-padrao/pops;ff77854ef241db81d72f71b6acb8dfa1800e6f7a81f464a6289530fe14456701;Data de emissão conferida no PDF.
HC-UFTM;Fiscalização de Contratos;UFAC;LIBERAÇÃO DE VALORES DE CONTA VINCULADA - BLOQUEADA PARA MOVIMENTAÇÃO DE CONTRATOS COM DEDICAÇÃO EXCLUSIVA DE MÃO DE OBRA;POP.UFAC.002;1;07/01/2025;Núcleo das quatro unidades;HC-UFTM/04_Fiscalizacao_Contratos/POP_UFAC_002_liberacao_de_valores_de_conta_vinculada_bloqueada_para_movimentac_2025.pdf;15;[8];https://www.gov.br/hubrasil/pt-br/hospitais-universitarios/regiao-sudeste/hc-uftm/documentos/procedimentos-e-rotinas-operacionais-padrao/pops/POP.UFAC.002LiberacaodeValoresdeContaVinculadaBloqueadaparaMovimentacaodeContratoscomDedicacaoExclusivadeMaodeObra.pdf;https://www.gov.br/hubrasil/pt-br/hospitais-universitarios/regiao-sudeste/hc-uftm/documentos/procedimentos-e-rotinas-operacionais-padrao/pops/POP.UFAC.002LiberacaodeValoresdeContaVinculadaBloqueadaparaMovimentacaodeContratoscomDedicacaoExclusivadeMaodeObra.pdf;3acd49658a03e6b46fb72bb49e844b01c75f2d4035fa87fddaffe2057cdf0ff1;Data de emissão conferida no PDF.
HC-UFTM;Patrimônio;UPAT;Empréstimo de Material Permanente;POP.HC-UFTM-UPAT.001;4;15/01/2026;Núcleo das quatro unidades;HC-UFTM/01_Patrimonio/POP_HC-UFTM-UPAT_001_emprestimo_de_material_permanente_2026.pdf;7;[];https://www.gov.br/hubrasil/pt-br/hospitais-universitarios/regiao-sudeste/hc-uftm/documentos/procedimentos-e-rotinas-operacionais-padrao/pops/pop-hc-uftm-upat-001-emprestimo-de-material-permanente-versao-4.pdf;https://www.gov.br/hubrasil/pt-br/hospitais-universitarios/regiao-sudeste/hc-uftm/documentos/procedimentos-e-rotinas-operacionais-padrao/pops/pop-hc-uftm-upat-001-emprestimo-de-material-permanente-versao-4.pdf;e308f2693cbe5429124ed6296b5726a3ad6eac8b3daf1bb8b0cc468bcd9b70f7;Data de emissão conferida no PDF.
HC-UFTM;Patrimônio;UPAT;Recebimento, Tombamento e Armazenamento de Materiais Permanentes;POP.HC-UFTM-UPAT.002;3;24/03/2026;Núcleo das quatro unidades;HC-UFTM/01_Patrimonio/POP_HC-UFTM-UPAT_002_recebimento_tombamento_e_armazenamento_de_materiais_permanentes_2026.pdf;37;[];https://www.gov.br/hubrasil/pt-br/hospitais-universitarios/regiao-sudeste/hc-uftm/documentos/procedimentos-e-rotinas-operacionais-padrao/pops/POP.HCUFTMUPAT.002RecebimentoTombamentoeArmazenamentodeMateriaisPermanentesversao3.pdf;https://www.gov.br/hubrasil/pt-br/hospitais-universitarios/regiao-sudeste/hc-uftm/documentos/procedimentos-e-rotinas-operacionais-padrao/pops/POP.HCUFTMUPAT.002RecebimentoTombamentoeArmazenamentodeMateriaisPermanentesversao3.pdf;50d0e510f5dd7787b3b09c28c695a9004d267d2cd55f041fd18c238e566d8959;Data de emissão conferida no PDF.
HC-UFTM;Patrimônio;UPAT;Emissão de Relatórios Mensais de Bens Móveis e Encaminhamento ao Setor de Contabilidade;POP.HC-UFTM-UPAT.003;3;13/05/2026;Núcleo das quatro unidades;HC-UFTM/01_Patrimonio/POP_HC-UFTM-UPAT_003_emissao_de_relatorios_mensais_de_bens_moveis_e_encaminhamento_ao__2026.pdf;11;[];https://www.gov.br/hubrasil/pt-br/hospitais-universitarios/regiao-sudeste/hc-uftm/documentos/procedimentos-e-rotinas-operacionais-padrao/pops/POP.HCUFTMUPAT.003EmissaodeRelatoriosMensaisdeBensMoveiseEncaminhamentoaoSetordeContabilidadeversao3.pdf;https://www.gov.br/hubrasil/pt-br/hospitais-universitarios/regiao-sudeste/hc-uftm/documentos/procedimentos-e-rotinas-operacionais-padrao/pops;2e02f509324d01c69b07911af312e7ba2aed0a1e061a8b816202f79dcf77fdf6;Data de emissão conferida no PDF.
HC-UFTM;Patrimônio;UPAT;Recebimento em Doação de Material Permanente;POP.UPAT.001;2;27/03/2025;Núcleo das quatro unidades;HC-UFTM/01_Patrimonio/POP_UPAT_001_recebimento_em_doacao_de_material_permanente_2025.pdf;6;[];https://www.gov.br/hubrasil/pt-br/hospitais-universitarios/regiao-sudeste/hc-uftm/documentos/procedimentos-e-rotinas-operacionais-padrao/pops/POP.UPAT.001RecebimentoemDoacaodeMaterialPermanenteversao2.pdf;https://www.gov.br/hubrasil/pt-br/hospitais-universitarios/regiao-sudeste/hc-uftm/documentos/procedimentos-e-rotinas-operacionais-padrao/pops/POP.UPAT.001RecebimentoemDoacaodeMaterialPermanenteversao2.pdf;1307f4f757334d64f6260435a540900b4c19a0371b86219587ef72c2f08807b9;Data de emissão conferida no PDF.
HU-UFGD;Compras e Licitações;STEC;AQUISIÇÃO DE EQUIPAMENTOS MÉDICO HOSPITALARES;POP.STEC.008;02;09/06/2025;Interface de outra unidade;HU-UFGD/05_Interfaces/POP_STEC_008_aquisicao_de_equipamentos_medico_hospitalares_2025.pdf;8;[];https://www.gov.br/hubrasil/pt-br/hospitais-universitarios/regiao-centro-oeste/hu-ufgd/acesso-a-informacao/pops-protocolos-e-processos/gad/pop-stec-008-aquisicao-de-equipamentos-medico-hospitalares-v-2.pdf;https://www.gov.br/hubrasil/pt-br/hospitais-universitarios/regiao-centro-oeste/hu-ufgd/acesso-a-informacao/pops-protocolos-e-processos/superintendencia-1;296e34f145b13a69a2b8af2bf27034be1f07d57fb74211bdda56eac87d8bfef7;Data de emissão conferida no PDF.
HU-UFGD;Contratos;SCONT;CONTAS DE CONTROLE - CONTRATOS;POP.SCONT.003;02;25/03/2025;Interface de outra unidade;HU-UFGD/05_Interfaces/POP_SCONT_003_contas_de_controle_contratos_2025.pdf;8;[8];https://www.gov.br/hubrasil/pt-br/hospitais-universitarios/regiao-centro-oeste/hu-ufgd/acesso-a-informacao/pops-protocolos-e-processos/gad/pop-scont-003-contas-de-controle-contratos-v-2.pdf;https://www.gov.br/hubrasil/pt-br/hospitais-universitarios/regiao-centro-oeste/hu-ufgd/acesso-a-informacao/pops-protocolos-e-processos/superintendencia-1;fadf59d9728ffb22908c5ad86cef3271b548a5bb94c390ca72b89b850953dd6c;Data de emissão conferida no PDF.
HU-UFGD;Patrimônio;SCONT;REGISTRO DA DEPRECIAÇÃO E AMORTIZAÇÃO DE BENS MÓVEIS, IMÓVEIS E INTANGÍVEIS;POP.SCONT.006;02;31/03/2025;Interface de outra unidade;HU-UFGD/05_Interfaces/POP_SCONT_006_registro_da_depreciacao_e_amortizacao_de_bens_moveis_imoveis_e_in_2025.pdf;11;[11];https://www.gov.br/hubrasil/pt-br/hospitais-universitarios/regiao-centro-oeste/hu-ufgd/acesso-a-informacao/pops-protocolos-e-processos/gad/pop-scont-006-registro-da-depreciacao-e-amortizacao-de-bens-moveis-imoveis-e-intangiveis-v-2.pdf;https://www.gov.br/hubrasil/pt-br/hospitais-universitarios/regiao-centro-oeste/hu-ufgd/acesso-a-informacao/pops-protocolos-e-processos/gad/pop-scont-006-registro-da-depreciacao-e-amortizacao-de-bens-moveis-imoveis-e-intangiveis-v-2.pdf;944a41d85cd02215f767461048457b4688dae4a907bf4faf59b886fd557c3f01;Data de emissão conferida no PDF.
HU-UFGD;Patrimônio;SCONT;RECEBIMENTO DE BENS MÓVEIS EM DOAÇÃO;POP.SCONT.007;02;25/03/2025;Interface de outra unidade;HU-UFGD/05_Interfaces/POP_SCONT_007_recebimento_de_bens_moveis_em_doacao_2025.pdf;8;[7];https://www.gov.br/hubrasil/pt-br/hospitais-universitarios/regiao-centro-oeste/hu-ufgd/acesso-a-informacao/pops-protocolos-e-processos/gad/pop-scont-007-recebimento-de-bens-moveis-em-doacao-v-2.pdf;https://www.gov.br/hubrasil/pt-br/hospitais-universitarios/regiao-centro-oeste/hu-ufgd/acesso-a-informacao/pops-protocolos-e-processos/superintendencia-1;79f74376c69bc024767b1bf7376ca776e3b56ce6acc2fd73bf75833c2fe89135;Data de emissão conferida no PDF.
HU-UFGD;Patrimônio;STEC;DESATIVAÇÃO E DEVOLUÇÃO AO PATRIMÔNIO DE EQUIPAMENTOS MÉDICOS;POP.STEC.169;01;22/04/2026;Interface de outra unidade;HU-UFGD/05_Interfaces/POP_STEC_169_desativacao_e_devolucao_ao_patrimonio_de_equipamentos_medicos_2026.pdf;3;[1];https://www.gov.br/hubrasil/pt-br/hospitais-universitarios/regiao-centro-oeste/hu-ufgd/acesso-a-informacao/pops-protocolos-e-processos/gad/POP.STEC.169._Desativacao_e_devolucao_ao_patrimonio_de_equipamentos_medicos.pdf;https://www.gov.br/hubrasil/pt-br/hospitais-universitarios/regiao-centro-oeste/hu-ufgd/acesso-a-informacao/pops-protocolos-e-processos/superintendencia-1;0c45a19119b146c269068e2c87d10baf409d6e711b0a2da83a6993f98b8e416f;Data de emissão conferida no PDF.
HUAB-UFRN;Contratos;SCONT;Registro, baixa e acompanhamento dos arrendamentos;POP.SCONT.013;1;24/11/2025;Interface de outra unidade;HUAB-UFRN/05_Interfaces/POP_SCONT_013_registro_baixa_e_acompanhamento_dos_arrendamentos_2025.pdf;29;[];https://www.gov.br/hubrasil/pt-br/hospitais-universitarios/regiao-nordeste/huab-ufrn/documentos-institucionais/pop-scont-013-registro-baixa-e-acompanhamento-dos-arrendamentos.pdf;https://www.gov.br/hubrasil/pt-br/hospitais-universitarios/regiao-nordeste/huab-ufrn/documentos-institucionais/pop-scont-013-registro-baixa-e-acompanhamento-dos-arrendamentos.pdf;72c63d43766bf9cd3491ac7695f9ee62d6e17a204c2538aa93080ceaa1cc3428;"Data da versão inicial no histórico; aprovação em 28/11/2025."
HULW-UFPB;Compras e Licitações;UCL;DISPENSA DE LICITAÇÃO EMERGENCIAL;POP.UCL.001;02;09/12/2025;Núcleo das quatro unidades;HULW-UFPB/02_Compras_Licitacoes/POP_UCL_001_dispensa_de_licitacao_emergencial_2025.pdf;7;[];https://www.gov.br/hubrasil/pt-br/hospitais-universitarios/regiao-nordeste/hulw-ufpb/acesso-a-informacao/gestao-documental/nova-gestao-documental-2024/uacap-unidade-de-analises-clinicas-e-anatomia-patologica/daf-divisao-administrativa-financeira/sad-setor-de-administracao/ucl-unidade-de-compras-e-licitacao/pop-ucl-001-dispensa-de-licitacao-emergencial.pdf;https://www.gov.br/hubrasil/pt-br/hospitais-universitarios/regiao-nordeste/hulw-ufpb/acesso-a-informacao/gestao-documental/nova-gestao-documental-2024/uacap-unidade-de-analises-clinicas-e-anatomia-patologica/daf-divisao-administrativa-financeira/sad-setor-de-administracao/ucl-unidade-de-compras-e-licitacao;e752527dff9b4abe6ebf5cea1540986b0ba2f0e1b57725d05f882cc1a7a13e77;Data de emissão conferida no PDF.
HULW-UFPB;Compras e Licitações;UCL;ADESÃO À ATA DE REGISTRO DE PREÇOS;POP.UCL.002;02;02/12/2025;Núcleo das quatro unidades;HULW-UFPB/02_Compras_Licitacoes/POP_UCL_002_adesao_a_ata_de_registro_de_precos_2025.pdf;7;[];https://www.gov.br/hubrasil/pt-br/hospitais-universitarios/regiao-nordeste/hulw-ufpb/acesso-a-informacao/gestao-documental/nova-gestao-documental-2024/uacap-unidade-de-analises-clinicas-e-anatomia-patologica/daf-divisao-administrativa-financeira/sad-setor-de-administracao/ucl-unidade-de-compras-e-licitacao/pop-ucl-002-adesao-a-ata-de-registro-de-precos.pdf;https://www.gov.br/hubrasil/pt-br/hospitais-universitarios/regiao-nordeste/hulw-ufpb/acesso-a-informacao/gestao-documental/nova-gestao-documental-2024/uacap-unidade-de-analises-clinicas-e-anatomia-patologica/daf-divisao-administrativa-financeira/sad-setor-de-administracao/ucl-unidade-de-compras-e-licitacao;01252a456a7c9a9c34f7c13cc8a93dab0b2049daa9b35553141859a5129969c1;Data de emissão conferida no PDF.
HULW-UFPB;Compras e Licitações;UCL;INEXIGIBILIDADE DE LICITAÇÃO, EM RAZÃO DA INVIABILIDADE DE COMPETIÇÃO;POP.UCL.003;02;10/12/2025;Núcleo das quatro unidades;HULW-UFPB/02_Compras_Licitacoes/POP_UCL_003_inexigibilidade_de_licitacao_em_razao_da_inviabilidade_de_competi_2025.pdf;6;[];https://www.gov.br/hubrasil/pt-br/hospitais-universitarios/regiao-nordeste/hulw-ufpb/acesso-a-informacao/gestao-documental/nova-gestao-documental-2024/uacap-unidade-de-analises-clinicas-e-anatomia-patologica/daf-divisao-administrativa-financeira/sad-setor-de-administracao/ucl-unidade-de-compras-e-licitacao/pop-ucl-003-inexigibilidade-de-licitacao-em-razao-da-inviabilidade-de-competicao.pdf;https://www.gov.br/hubrasil/pt-br/hospitais-universitarios/regiao-nordeste/hulw-ufpb/acesso-a-informacao/gestao-documental/nova-gestao-documental-2024/uacap-unidade-de-analises-clinicas-e-anatomia-patologica/daf-divisao-administrativa-financeira/sad-setor-de-administracao/ucl-unidade-de-compras-e-licitacao;d314abfadfc3e5fe759b39b68063e3fb66eb5ea046720d339e2403976b2b3e0b;Data de emissão conferida no PDF.
HULW-UFPB;Compras e Licitações;UCL;INEXIGIBILIDADE DE LICITAÇÃO, EM RAZÃO DA EXISTÊNCIA DE FORNECEDOR EXCLUSIVO;POP.UCL.004;02;10/12/2025;Núcleo das quatro unidades;HULW-UFPB/02_Compras_Licitacoes/POP_UCL_004_inexigibilidade_de_licitacao_em_razao_da_existencia_de_fornecedor_2025.pdf;6;[];https://www.gov.br/hubrasil/pt-br/hospitais-universitarios/regiao-nordeste/hulw-ufpb/acesso-a-informacao/gestao-documental/nova-gestao-documental-2024/uacap-unidade-de-analises-clinicas-e-anatomia-patologica/daf-divisao-administrativa-financeira/sad-setor-de-administracao/ucl-unidade-de-compras-e-licitacao/pop-ucl-004-inexigibilidade-de-licitacao-em-razao-da-existencia-de-fornecedor-exclusivo.pdf;https://www.gov.br/hubrasil/pt-br/hospitais-universitarios/regiao-nordeste/hulw-ufpb/acesso-a-informacao/gestao-documental/nova-gestao-documental-2024/uacap-unidade-de-analises-clinicas-e-anatomia-patologica/daf-divisao-administrativa-financeira/sad-setor-de-administracao/ucl-unidade-de-compras-e-licitacao;6a0cbe2413264e6eaa5a524010bbb17b48163fe92111b073165ae32a00355a77;Data de emissão conferida no PDF.
HULW-UFPB;Compras e Licitações;UCL;Participação na Origem - IRP;POP.UCL.005;02;12/11/2025;Núcleo das quatro unidades;HULW-UFPB/02_Compras_Licitacoes/POP_UCL_005_participacao_na_origem_irp_2025.pdf;5;[];https://www.gov.br/hubrasil/pt-br/hospitais-universitarios/regiao-nordeste/hulw-ufpb/acesso-a-informacao/gestao-documental/nova-gestao-documental-2024/uacap-unidade-de-analises-clinicas-e-anatomia-patologica/daf-divisao-administrativa-financeira/sad-setor-de-administracao/ucl-unidade-de-compras-e-licitacao/pop-ucl-005-adesao-participacao-na-origem-irp.pdf;https://www.gov.br/hubrasil/pt-br/hospitais-universitarios/regiao-nordeste/hulw-ufpb/acesso-a-informacao/gestao-documental/nova-gestao-documental-2024/uacap-unidade-de-analises-clinicas-e-anatomia-patologica/daf-divisao-administrativa-financeira/sad-setor-de-administracao/ucl-unidade-de-compras-e-licitacao;5a24e3f22ebcb4f5ed7b33414b6ef3e58132f99638f06840d1e9a41474da1776;Data de emissão conferida no PDF.
HULW-UFPB;Compras e Licitações;UCL;PESQUISA DE PREÇOS PARA PROCEDIMENTOS LICITATÓRIOS;POP.UCL.006;02;05/11/2025;Núcleo das quatro unidades;HULW-UFPB/02_Compras_Licitacoes/POP_UCL_006_pesquisa_de_precos_para_procedimentos_licitatorios_2025.pdf;7;[];https://www.gov.br/hubrasil/pt-br/hospitais-universitarios/regiao-nordeste/hulw-ufpb/acesso-a-informacao/gestao-documental/nova-gestao-documental-2024/uacap-unidade-de-analises-clinicas-e-anatomia-patologica/daf-divisao-administrativa-financeira/sad-setor-de-administracao/ucl-unidade-de-compras-e-licitacao/pop-ucl-006-pesquisa-de-precos-para-procedimentos-licitatorios.pdf;https://www.gov.br/hubrasil/pt-br/hospitais-universitarios/regiao-nordeste/hulw-ufpb/acesso-a-informacao/gestao-documental/nova-gestao-documental-2024/uacap-unidade-de-analises-clinicas-e-anatomia-patologica/daf-divisao-administrativa-financeira/sad-setor-de-administracao/ucl-unidade-de-compras-e-licitacao;2c3fc12331ba46106106a3872c1c64c7bfb3e652f7b99d6d4a0514f491ca3bc7;Data de emissão conferida no PDF.
HULW-UFPB;Compras e Licitações;UCL;Lançar, Divulgar e Analisar IRP;POP.UCL.007;2.0;05/11/2025;Núcleo das quatro unidades;HULW-UFPB/02_Compras_Licitacoes/POP_UCL_007_lancar_divulgar_e_analisar_irp_2025.pdf;6;[];https://www.gov.br/hubrasil/pt-br/hospitais-universitarios/regiao-nordeste/hulw-ufpb/acesso-a-informacao/gestao-documental/nova-gestao-documental-2024/uacap-unidade-de-analises-clinicas-e-anatomia-patologica/daf-divisao-administrativa-financeira/sad-setor-de-administracao/ucl-unidade-de-compras-e-licitacao/pop-ucl-007-lancar-divulgar-e-analisar-irp.pdf;https://www.gov.br/hubrasil/pt-br/hospitais-universitarios/regiao-nordeste/hulw-ufpb/acesso-a-informacao/gestao-documental/nova-gestao-documental-2024/uacap-unidade-de-analises-clinicas-e-anatomia-patologica/daf-divisao-administrativa-financeira/sad-setor-de-administracao/ucl-unidade-de-compras-e-licitacao;9e533aaeece9504e8e16a05f572d9d0cd4613cbc989c9c8f7c35b8b782984657;Data de emissão conferida no PDF.
HULW-UFPB;Compras e Licitações;UCL;ATIVIDADES DE EQUIPE DE APOIO;POP.UCL.008;2.0;05/11/2025;Núcleo das quatro unidades;HULW-UFPB/02_Compras_Licitacoes/POP_UCL_008_atividades_de_equipe_de_apoio_2025.pdf;8;[];https://www.gov.br/hubrasil/pt-br/hospitais-universitarios/regiao-nordeste/hulw-ufpb/acesso-a-informacao/gestao-documental/nova-gestao-documental-2024/uacap-unidade-de-analises-clinicas-e-anatomia-patologica/daf-divisao-administrativa-financeira/sad-setor-de-administracao/ucl-unidade-de-compras-e-licitacao/pop-ucl-008-atividades-de-equipes-de-apoio.pdf;https://www.gov.br/hubrasil/pt-br/hospitais-universitarios/regiao-nordeste/hulw-ufpb/acesso-a-informacao/gestao-documental/nova-gestao-documental-2024/uacap-unidade-de-analises-clinicas-e-anatomia-patologica/daf-divisao-administrativa-financeira/sad-setor-de-administracao/ucl-unidade-de-compras-e-licitacao;d65163bf22581957eb342e685d1871a2c1270c3a3a4b165ba770dd5567e62fab;Data de emissão conferida no PDF.
HULW-UFPB;Compras e Licitações;UCL;Modo de Operacionalização de Pregão Eletrônico SRP;POP.UCL.009;02;03/11/2025;Núcleo das quatro unidades;HULW-UFPB/02_Compras_Licitacoes/POP_UCL_009_modo_de_operacionalizacao_de_pregao_eletronico_srp_2025.pdf;7;[];https://www.gov.br/hubrasil/pt-br/hospitais-universitarios/regiao-nordeste/hulw-ufpb/acesso-a-informacao/gestao-documental/nova-gestao-documental-2024/uacap-unidade-de-analises-clinicas-e-anatomia-patologica/daf-divisao-administrativa-financeira/sad-setor-de-administracao/ucl-unidade-de-compras-e-licitacao/pop-ucl-009-modo-de-operacionalizacao-de-pregao-eletronico-srp.pdf;https://www.gov.br/hubrasil/pt-br/hospitais-universitarios/regiao-nordeste/hulw-ufpb/acesso-a-informacao/gestao-documental/nova-gestao-documental-2024/uacap-unidade-de-analises-clinicas-e-anatomia-patologica/daf-divisao-administrativa-financeira/sad-setor-de-administracao/ucl-unidade-de-compras-e-licitacao;e61dedc0179c44f2b30f7888f56ac3015fb9bcbb23f4f4fefce909ecdda87224;Data de emissão conferida no PDF.
HULW-UFPB;Compras e Licitações;UCL;ELABORAÇÃO DE EDITAL DE LICITAÇÃO;POP.UCL.010;01;14/11/2025;Núcleo das quatro unidades;HULW-UFPB/02_Compras_Licitacoes/POP_UCL_010_elaboracao_de_edital_de_licitacao_2025.pdf;6;[];https://www.gov.br/hubrasil/pt-br/hospitais-universitarios/regiao-nordeste/hulw-ufpb/acesso-a-informacao/gestao-documental/nova-gestao-documental-2024/uacap-unidade-de-analises-clinicas-e-anatomia-patologica/daf-divisao-administrativa-financeira/sad-setor-de-administracao/ucl-unidade-de-compras-e-licitacao/pop-ucl-010-elaboracao-de-edital-de-licitacao.pdf;https://www.gov.br/hubrasil/pt-br/hospitais-universitarios/regiao-nordeste/hulw-ufpb/acesso-a-informacao/gestao-documental/nova-gestao-documental-2024/uacap-unidade-de-analises-clinicas-e-anatomia-patologica/daf-divisao-administrativa-financeira/sad-setor-de-administracao/ucl-unidade-de-compras-e-licitacao/pop-ucl-010-elaboracao-de-edital-de-licitacao.pdf/view;d2f55263b3b94a5434c193357ec2a08ae698f09fb4ca70162ee8ed8840100747;Data de emissão conferida no PDF.
HULW-UFPB;Compras e Licitações;UCL;Divulgação de compras para processo licitatório por Sistema de Registro de Preços – SRP – cadastrados na plataforma Compras.Gov;POP.UCL.011;02;14/11/2025;Núcleo das quatro unidades;HULW-UFPB/02_Compras_Licitacoes/POP_UCL_011_divulgacao_de_compras_para_processo_licitatorio_por_sistema_de_re_2025.pdf;6;[];https://www.gov.br/hubrasil/pt-br/hospitais-universitarios/regiao-nordeste/hulw-ufpb/acesso-a-informacao/gestao-documental/nova-gestao-documental-2024/uacap-unidade-de-analises-clinicas-e-anatomia-patologica/daf-divisao-administrativa-financeira/sad-setor-de-administracao/ucl-unidade-de-compras-e-licitacao/pop-ucl-011-divulgacao-de-compras-para-processo-licitatorio-por-srp.pdf;https://www.gov.br/hubrasil/pt-br/hospitais-universitarios/regiao-nordeste/hulw-ufpb/acesso-a-informacao/gestao-documental/nova-gestao-documental-2024/uacap-unidade-de-analises-clinicas-e-anatomia-patologica/daf-divisao-administrativa-financeira/sad-setor-de-administracao/ucl-unidade-de-compras-e-licitacao/pop-ucl-011-divulgacao-de-compras-para-processo-licitatorio-por-srp.pdf/view;20f3d5a071edd27ac38455ba9df52e0f39a073c26d441cedd94ba873677ad514;Data de emissão conferida no PDF.
HULW-UFPB;Compras e Licitações;UCL;Divulgação de compras para processo Licitatório Tradicional – cadastrados na plataforma Compras.Gov;POP.UCL.012;02;17/11/2025;Núcleo das quatro unidades;HULW-UFPB/02_Compras_Licitacoes/POP_UCL_012_divulgacao_de_compras_para_processo_licitatorio_tradicional_cadas_2025.pdf;6;[];https://www.gov.br/hubrasil/pt-br/hospitais-universitarios/regiao-nordeste/hulw-ufpb/acesso-a-informacao/gestao-documental/nova-gestao-documental-2024/uacap-unidade-de-analises-clinicas-e-anatomia-patologica/daf-divisao-administrativa-financeira/sad-setor-de-administracao/ucl-unidade-de-compras-e-licitacao/pop-ucl-012-divulgacao-de-compras-para-processo-licitatorio-tradicional.pdf;https://www.gov.br/hubrasil/pt-br/hospitais-universitarios/regiao-nordeste/hulw-ufpb/acesso-a-informacao/gestao-documental/nova-gestao-documental-2024/uacap-unidade-de-analises-clinicas-e-anatomia-patologica/daf-divisao-administrativa-financeira/sad-setor-de-administracao/ucl-unidade-de-compras-e-licitacao;34edf226dbde69674d6aa95e6f3bd4470fdfb9cc27e7995887ef31ad3d1556d8;Data de emissão conferida no PDF.
HULW-UFPB;Compras e Licitações;UCL;Planejamento da aquisição de itens desertos e fracassados;POP.UCL.013;2.0;26/11/2025;Núcleo das quatro unidades;HULW-UFPB/02_Compras_Licitacoes/POP_UCL_013_planejamento_da_aquisicao_de_itens_desertos_e_fracassados_2025.pdf;11;[];https://www.gov.br/hubrasil/pt-br/hospitais-universitarios/regiao-nordeste/hulw-ufpb/acesso-a-informacao/gestao-documental/nova-gestao-documental-2024/uacap-unidade-de-analises-clinicas-e-anatomia-patologica/daf-divisao-administrativa-financeira/sad-setor-de-administracao/ucl-unidade-de-compras-e-licitacao/pop-ucl-013-planejamento-da-aquisicao-de-itens-desertos-e-fracassados.pdf;https://www.gov.br/hubrasil/pt-br/hospitais-universitarios/regiao-nordeste/hulw-ufpb/acesso-a-informacao/gestao-documental/nova-gestao-documental-2024/uacap-unidade-de-analises-clinicas-e-anatomia-patologica/daf-divisao-administrativa-financeira/sad-setor-de-administracao/ucl-unidade-de-compras-e-licitacao;3faca23b43a95c14a3ba42f4646740ae29d67de70a67002ec2d46826aa6a7b00;Data de emissão conferida no PDF.
HULW-UFPB;Contratos;UCONT;Cadastramento de Atas de Registro de Preços;POP.UCONT.SAD001;2.0;02/11/2025;Núcleo das quatro unidades;HULW-UFPB/03_Contratos/POP_UCONT_SAD001_cadastramento_de_atas_de_registro_de_precos_2025.pdf;10;[];https://www.gov.br/hubrasil/pt-br/hospitais-universitarios/regiao-nordeste/hulw-ufpb/acesso-a-informacao/gestao-documental/nova-gestao-documental-2024/uacap-unidade-de-analises-clinicas-e-anatomia-patologica/daf-divisao-administrativa-financeira/sad-setor-de-administracao/ucont-unidade-de-contabilidade/pop-procedimento-operacional-padrao/pop-ucont-sad-001-cadastramento-de-atas-de-registro-de-precos.pdf;https://www.gov.br/hubrasil/pt-br/hospitais-universitarios/regiao-nordeste/hulw-ufpb/acesso-a-informacao/gestao-documental/nova-gestao-documental-2024/uacap-unidade-de-analises-clinicas-e-anatomia-patologica/daf-divisao-administrativa-financeira/sad-setor-de-administracao/ucont-unidade-de-contabilidade/pop-procedimento-operacional-padrao;a265cb15969880651b0d09a9bdbc695f4aa31458c54db5286f567ee0c0c28c08;Data de emissão conferida no PDF.
HULW-UFPB;Contratos;UCONT;Confecção e Assinatura de Atas de Registro de Preços;POP.UCONT.SAD002;2.0;05/11/2025;Núcleo das quatro unidades;HULW-UFPB/03_Contratos/POP_UCONT_SAD002_confeccao_e_assinatura_de_atas_de_registro_de_precos_2025.pdf;23;[];https://www.gov.br/hubrasil/pt-br/hospitais-universitarios/regiao-nordeste/hulw-ufpb/acesso-a-informacao/gestao-documental/nova-gestao-documental-2024/uacap-unidade-de-analises-clinicas-e-anatomia-patologica/daf-divisao-administrativa-financeira/sad-setor-de-administracao/ucont-unidade-de-contabilidade/pop-procedimento-operacional-padrao/pop-ucont-sad-002-confeccao-e-assinatura-de-atas-de-registro-de-precos.pdf;https://www.gov.br/hubrasil/pt-br/hospitais-universitarios/regiao-nordeste/hulw-ufpb/acesso-a-informacao/gestao-documental/nova-gestao-documental-2024/uacap-unidade-de-analises-clinicas-e-anatomia-patologica/daf-divisao-administrativa-financeira/sad-setor-de-administracao/ucont-unidade-de-contabilidade/pop-procedimento-operacional-padrao/pop-ucont-sad-002-confeccao-e-assinatura-de-atas-de-registro-de-precos.pdf/view;a30981bb208c25cc1fe6d1ddd6517edea19693db350ae393496c1dd0b402be3d;Data de emissão conferida no PDF.
HULW-UFPB;Fiscalização de Contratos;UFAC;APURAÇÃO DE RESPONSABILIDA E APLICAÇÃO DE PENALIDADES A LICITANTES E FORNECEDORES;POP.UFAC.002;2.0;30/10/2025;Núcleo das quatro unidades;HULW-UFPB/04_Fiscalizacao_Contratos/POP_UFAC_002_apuracao_de_responsabilida_e_aplicacao_de_penalidades_a_licitante_2025.pdf;5;[];https://www.gov.br/hubrasil/pt-br/hospitais-universitarios/regiao-nordeste/hulw-ufpb/acesso-a-informacao/gestao-documental/nova-gestao-documental-2024/uacap-unidade-de-analises-clinicas-e-anatomia-patologica/daf-divisao-administrativa-financeira/sad-setor-de-administracao/ufac-unidade-de-fiscalizacao-administrativa-de-contratos-1/pop-protocolo-operacional-padrao/pop-ufac-002-apuracao-de-responsabilidade-e-aplicacao-de-penalidades-licitantes-e-fornecedores.pdf;https://www.gov.br/hubrasil/pt-br/hospitais-universitarios/regiao-nordeste/hulw-ufpb/acesso-a-informacao/gestao-documental/nova-gestao-documental-2024/uacap-unidade-de-analises-clinicas-e-anatomia-patologica/daf-divisao-administrativa-financeira/sad-setor-de-administracao/ufac-unidade-de-fiscalizacao-administrativa-de-contratos-1/pop-protocolo-operacional-padrao;2b74bfeee4560c9776df07eea47e81a27150ad371705850c5a380b9ed20507c8;Data de emissão conferida no PDF.
HULW-UFPB;Fiscalização de Contratos;UFAC;Análise, Aprovação e Execução de Reajuste em Contratos.;POP.UFAC.004;1.0;30/10/2025;Núcleo das quatro unidades;HULW-UFPB/04_Fiscalizacao_Contratos/POP_UFAC_004_analise_aprovacao_e_execucao_de_reajuste_em_contratos_2025.pdf;5;[2];https://www.gov.br/hubrasil/pt-br/hospitais-universitarios/regiao-nordeste/hulw-ufpb/acesso-a-informacao/gestao-documental/nova-gestao-documental-2024/uacap-unidade-de-analises-clinicas-e-anatomia-patologica/daf-divisao-administrativa-financeira/sad-setor-de-administracao/ufac-unidade-de-fiscalizacao-administrativa-de-contratos-1/pop-protocolo-operacional-padrao/pop-ufac-004-analise-aprovacao-e-execucao-de-reajuste-em-contratos.pdf;https://www.gov.br/hubrasil/pt-br/hospitais-universitarios/regiao-nordeste/hulw-ufpb/acesso-a-informacao/gestao-documental/nova-gestao-documental-2024/uacap-unidade-de-analises-clinicas-e-anatomia-patologica/daf-divisao-administrativa-financeira/sad-setor-de-administracao/ufac-unidade-de-fiscalizacao-administrativa-de-contratos-1/pop-protocolo-operacional-padrao;5db5465cf9fb77a71ad3e6e940de964bd8813f535ef1897fa1b15d8dfa0cc2ea;Data de emissão conferida no PDF.
HULW-UFPB;Fiscalização de Contratos;UFAC;PAGAMENTO MENSAL REALIZADO PELOS FISCAIS ADMINISTRATIVOS E GESTORES PARA CONTRATOS COM DEDICAÇÃO EXCLUSIVA DE MÃO DE OBRA (IN.05/2017/MPDG);POP.UFAC.SAD.001;2.0;30/10/2025;Núcleo das quatro unidades;HULW-UFPB/04_Fiscalizacao_Contratos/POP_UFAC_SAD_001_pagamento_mensal_realizado_pelos_fiscais_administrativos_e_gestor_2025.pdf;14;[1];https://www.gov.br/hubrasil/pt-br/hospitais-universitarios/regiao-nordeste/hulw-ufpb/acesso-a-informacao/gestao-documental/nova-gestao-documental-2024/uacap-unidade-de-analises-clinicas-e-anatomia-patologica/daf-divisao-administrativa-financeira/sad-setor-de-administracao/ufac-unidade-de-fiscalizacao-administrativa-de-contratos-1/pop-protocolo-operacional-padrao/pop-ufac-001-pagamento-mensal-para-contratos-com-dedicacao-exclusiva-de-mao-de-obra.pdf;https://www.gov.br/hubrasil/pt-br/hospitais-universitarios/regiao-nordeste/hulw-ufpb/acesso-a-informacao/gestao-documental/nova-gestao-documental-2024/uacap-unidade-de-analises-clinicas-e-anatomia-patologica/daf-divisao-administrativa-financeira/sad-setor-de-administracao/ufac-unidade-de-fiscalizacao-administrativa-de-contratos-1/pop-protocolo-operacional-padrao;8a9fb46cc4c22ecd7723bb47bacbabf1d590c1fa4085263628e91372d3798d07;Data de emissão conferida no PDF.
